Rent,Loan_Repayment,Insurance,Groceries,Transport,Eating_Out,Entertainment,Utilities,Healthcare,Education,Miscellaneous,Disposable_Income
22.367740652346857,14.786354415274461,3.555445505171042,12.651966984884645,6.517490055688147,3.5426113762927605,3.5392661097852027,6.067752585521082,4.018052903739061,6.753818615751789,2.0105747812251393,14.188806682577567
18.437932335555278,1.1788730977235566,3.464083763048673,12.47708967425481,6.482185888567476,3.502499056722425,3.4686756382844925,6.018004024650987,3.9837177713495158,7.516113696390391,1.997763803295183,31.473153062507862
21.42554393896581,3.226869172082509,3.4641198078553264,12.476207968352643,6.508954506922859,3.4962729584628423,3.4665159649618538,5.984173495337666,4.00341056795705,0.0,1.9957276066685505,33.952294433455776
30.0,1.34137851809305,3.5113641585295805,12.50694428489374,6.507627800114877,3.484899483055715,3.4901608271108557,5.97597645031591,3.982036186099943,7.508914417001724,2.0173492245835725,19.673262492820218
