index,importance
Groceries,0.2539212952796347
Utilities,0.1715764914293869
Eating_Out,0.11611680416550593
Entertainment,0.1067034077304438
Disposable_Income,0.0852094220842989
Transport,0.06176608427290176
Miscellaneous,0.05525551352533227
Education,0.03327039370633889
Insurance,0.028209213030906018
Healthcare,0.02792514994147093
Loan_Repayment,0.021655383357161516
Age,0.019781719975308254
Dependents,0.009173954138686099
Rent,0.006647479637261477
City_Tier,0.002787687725362467
