Feature,Importance
LoanAmountToIncome,0.30850854778714354
NetWorthToIncome,0.14746760857592625
CreditScore,0.14431970889968648
BankruptcyHistory,0.13379769020707286
TotalLiabilitiesToIncome,0.09716808107537696
PreviousLoanDefaults,0.0616006955307686
Experience,0.03419696154810667
Age,0.03359664936028422
EducationLevel,0.024563400161025276
EmploymentStatus_Unemployed,0.014780656854609144
