cluster,Mutual_Funds_Percentage,Equity_Market_Percentage,Government_Bonds_Percentage,Debentures_Percentage,Gold_Percentage,PPF_Percentage,Fixed_Deposits_Percentage
0,0.08244403339024853,0.13007493834187062,0.16083285904003036,0.22099696452286094,0.20547571618288749,0.06593862644659457,0.1342368620755075
1,0.09317159218734021,0.11537478269761733,0.16412721137130584,0.19361642294713158,0.21658656304325594,0.08013344922793741,0.1369899785254116
2,0.08933309866782194,0.12914951803314198,0.16788963500487383,0.219992147730965,0.22011399328495612,0.0589461713419257,0.11457543593631539
